topic,weight
Artificial Intelligence,5
Cybersecurity,2
Fusion Power,2
Intelligence Agencies,2
Israel,3
Hamas,2
Public Health,2
Russia,3
Ukraine,3
Cancer,2
Data Science,3
Donald Trump,5
Financial Markets,3
Inflation,3
Large Language Model,3
Machine Learning,3
Neuroscience,2
North Korea,2
Quantum Mechanics,2
Renewable Energy,3
United Nations,3
US Foreign Policy,3
Vladimir Putin,2
Cloud Computing,3
Democratic Party,3
Elon Musk,3
Geothermal Power,3
Health Care,2
Jeff Bezos,3
Programming Languages,2
Psychology,3
Republican Party,3
Solar Power,3
Wind Power,3
Abiogenesis,2
AI Safety,2
Alexandria Ocasio-Cortez,2
Alternative and Sustainable Energy,2
Amazon,2
American Civil Liberties Union,2
Analytics,2
Ancient History,2
Animals,2
Apple,2
Artificial General Intelligence,2
Astronomy,2
Atlantic Ocean,2
Atmosphere,2
Atmospheric Science,2
Augmented Reality,2
Battery Electric Vehicle,2
Big Data,2
Biochemistry,2
Biology,2
Biophysics,2
Bitcoin,2
Blockchain,2
Business,2
Chemistry,2
China,3
Chris Murphy,2
Climate,2
Climate Engineering,2
Computer Science,2
Computers,2
Computing,2
Cosmology,2
Cryptocurrency,2
Cybersecurity and Infrastructure Security Agency,2
Data Analysis,2
Data and Information Visualization,2
Data Breach,2
Data Mining,2
Data Privacy,2
Defense Intelligence Agency,2
Drones,2
Earth,2
Earth Science,2
Earth's Atmosphere,2
Earthquakes,2
Economy,2
Effects of Global Warming,2
Electric Battery,2
Electric Power Transmission,2
Electric-Vehicle Battery,2
Energy Storage,2
Energy Transition,2
Engineering,2
English Language,2
Environment,2
Ethereum,2
Ethics,2
FBI,2
Federal Reserve,2
Finance,2
Five Eyes,2
Fundamental Analysis,2
Future,2
Global Health,2
Globalization,2
Google,2
GPUs,2
Green Politics,2
Growth Stock,2
Hacker,2
Hacking,2
Health,2
History of the Earth,2
History of the United States,2
Hurricanes,2
Hydroelectric Power,2
Hydrogen Fuel,2
Income Tax in the United States,2
Information Security,2
Information Technology,2
Information Theory,2
Infrastructure,2
Internet,2
Internet Memes,2
Internet Privacy,2
Internet Security,2
Inventions,2
Investment,2
Iran,2
Jamie Raskin,2
Jupiter,2
Kim Jong Un,2
Mark Zuckerberg,2
Mars,2
Mathematics,2
Microsoft,2
Military and Defense,2
Military Intelligence,2
Money,2
Nanotechnology,2
NASA,2
National Institute of Standards and Technology,2
National Security,2
Natural History,2
Nature,2
Net Zero Emissions,2
New York City Council,2
New York City Police Department,2
New York Politics,2
Northeastern United States,2
NVIDIA,2
Oceanography,2
OpenAI,2
Pacific Ocean,2
Personal Finance,2
Philosophy,2
Physics,2
Planets,2
Police Officers,2
Political Corruption,2
Political Parties,2
Politicians,2
Politics,2
Polling,2
Pollution,2
Privacy,2
Programming,2
Quantum,2
Quantum Computer,2
Quantum Engineering,2
Quantum Information Science,2
Rain Forests,2
Recession,3
Research,2
Research and Development,2
Risk Management,2
Rivian,2
Satoshi Nakamoto,2
Science,2
Security Hacker,2
Self-Driving Cars,2
Software,2
Outer Space,2
Space Exploration,2
SpaceX,2
Starship,2
Startups,2
Sustainable Energy,2
Taxes,2
Technical Analysis,2
Technology,2
Terrorism,2
Tesla,2
The Pentagon,2
Theoretical Physics,2
Thunderstorms,2
Tidal Power,2
United Nations Security Council,2
United States,2
United States Constitution,2
Universal Basic Income,2
Universal Health Care,2
Universe,2
Central Intelligence Agency,2
US Congress,2
US Economy,2
US House of Representatives,2
US National Security Agency,2
US Political Parties,2
US Supreme Court,2
Value Investing,2
Violence,2
Virtual Reality,2
War and Unrest,2
Water on Mars,2
Wireless Technology,2
World Economy,2
World News,2
World Politics,2
World Wide Web,2
Asteroids,2
Earth's Magnetic Field,2
Oceans,2
Venture Capital,2
Trade War,5
